"promise","goal"
"도시안전예산 확대 및 통합관리","○ 안전예산 우선순위에 따라 적재적소에 필요한 예산을 우선 확보하여 시민 누구나 안심하고 살 수 있는「안전특별시 서울」구현"
"시장 직속의 <재난컨트롤타워> 설치","○ 재난 발생시 신속하고 현장 대응력을 제고한 재난컨트롤타워 기능 수행"
"‘골든타임(황금시간) 목표제’ 실행","○ 재난현장 시민초동대응 역량 강화 ⇒ 황금시간 목표제 실행의 핵심"
"교통사망사고 50% 감축 추진","○ ’12년 대비 ’20년까지 교통사고 사망자수 50% 감축
- 임기내(’18.6월) 교통사고 사망자수 40% 감축(’12년 대비)"
"장기사용 노후전동차 호선별로 2022년까지 전면 교체","○ 전동차 정밀진단 결과에 따라 1호선 전동차는 대수선 조치하고 장기사용 2,3호선 노후전동차 620량은 2022년까지 연차별로 교체
- ’18. 6월까지 1호선 68량 대수선, 2호선 150량 교체"
"호선별로 분리된 관제센터를 ‘SMART 통합관제’로 통합·운영","○ 공간적인 통합뿐만 아니라 시스템을 기능적으로 통합하여 상호 유기적으로 협력·지원할 수 있는 ‘SMART 통합관제’로 통합?운영"
"사장직속 안전 전담기구 신설","○ 안전관련 업무 전반에 대하여 총괄할 수 있도록 지하철 운영기관 사장 직속의 안전전담기구 신설"
"지하철 내진성능보강, 지하철 노후시설 재투자 등 정부 건의","○ 지하철 안전시설(내진성능 보강, 노후시설 재투자) 사업비와 무임수송으로 인한 손실비용의 시 자체재원 부족분에 대해 국비 지원 요청"
"안전관리시스템 구축 및 외부 협력회사 지도·감독 강화","○ 안전관리 시스템 고도화를 통한 이중·삼중의 안전관리체계 구축
○ 외부협력업체의 관리·운영의 최적화"
"투명한 합동점검·모니터링 상시화 및 전 직원 철도안전 교육 강화","○ 시민, 외부전문가와의 합동점검 모니터링 상시화를 통한 안전관리 투명성 확보 및 안전 저해요인 사전 발굴 해소
○ 안전여건 변화의 능동적인 대응과 효과적인 안전의식 고취를 위한 철도안전학교 등 안전교육 인프라 구축 및 전 직원 철도안전교육 강화"
"34개 상습 침수 피해위험지역 침수피해 해소","○ 34개 상습 침수취약지역 해소로 수해로부터 안전한 도시 구현※ 34개소 침수취약지역 중 ’16년 상반기까지 15개소 주요 대책사업 완료
- ’13년(5개소) : 구의·자양, 면목동, 미아삼거리, 장위동, 가산디지털단지역 주변
- ’14년(4개소) : 영림초교, 장안1동 주민센터, 선릉역, 을지로입구역 주변
- ’15년(3개소) : 신촌현대백화점 일대, 상도동 성대시장 일대, 풍납동 주민센터 일대
- ’16년(3개소) : 용답동답십리역 일대, 공릉초교 주변, 공항펌프장 주변"
"어린이 보호구역 내 교통사고 ZERO 목표로 종합대책 추진","○ 2016년 어린이보호구역 내 교통사고 50% 감축, 2020년까지 ZERO화 달성(’18.6월까지 75% 감축)"
"어린이 안전을 위한 초등학교 스쿨버스 도입","○ 초등학교 스쿨버스 33개교 운영(시범운영)"
"저학년 초등학생 통학거리 안전보장","○ 초등학교 어린이 등·하교 교통안전지도사 운영"
"금천가산「G밸리 飛上 프로젝트」본격화","○ 일하고(Work), 삶을 누리며(Live), 문화와 여유가 있는(Play) ‘신산업성장동력 클러스터’ 조성"
"상암DMC·수색 고도화를 향한 혁신사업 추진","○ DMC 기능의 확대?발전 및 수색과 주변지역의 연계성 강화를 통해 디지털 미디어 기반의 국제적 창조 경제 중심지로 육성"
"동대문 창조경제 클러스터 육성","○ 도심산업 동반성장을 위한 창조경제 클러스터 육성"
"신·홍·합 창조밸리 구축사업 추진","○ 지역인프라와 역량을 기반으로 한 다양한 스타트업 기업의 성장 지역안착을 위한 자생적 창업생태계 구축을 통해 창조경제거점 조성"
"개포모바일 융합클러스터 조성사업 추진","○ 다양한 분야간 융합을 통한 신성장동력 창출과 창의적 인력 양성을위한 ‘24시간 소통과 열린 공간’ 조성 운영
○ 창의적인 생각을 가지고 도전하려는 사람들이 모여서 배우고, 놀고, 즐기고,협업하며 새로운 아이디어를 만들어가는 ‘창조적 디지털 생태계 조성’ 운영"
"마곡단지 성장기반 강화를 위한 2대 전략 조속 추진","○ 마곡산업단지의 성장기반 강화를 위하여 공공산업지원시설 및 융합캠퍼스 건립
○ ’18년 6월까지 부지매입 및 건축공사 착공(’20년 준공 예정)"
"창동·상계 대규모 창업단지 조성으로 아시아 지식허브 육성","○ 창동 상계에 자족기능(일자리 창출 등) 등 신경제중심지(CBD) 조성을통한 아시아 지식기반 허브 육성"
"홍릉일대 스마트 에이징 기술 기반 실버산업 클러스터 조성","○ 고령화 사회를 선제적으로 대응하여 서울경제의 재도약과 성장의기회로 전환할 미래사회 준비거점 조성"
"코엑스
-한전·서울의료원 부지
-잠실 운동장으로 이어지는 국제교류 복합단지 조성사업 추진","○ 코엑스~잠실운동장 일대에 국제업무, MICE, 스포츠, 문화엔터테인먼트4대 기능을 유치·강화하여 서울의 미래 먹거리 산업의 핵심공간인 국제교류복합단지 조성사업 추진"
"마곡지구 MICE 단지조성 1단계 사업 추진","○ 마곡지구 특별계획구역은 MICE시설 등 복합개발을 유도하기위하여 지정되었으나, 허용용도로만 지정되어 MICE 시설용도도입여부 불투명
- 특별계획구역 : 업무용지(CP1∼CP3), 82,724㎡
- 허용용도 : 업무시설, 호텔, 문화 및 집회시설, 판매시설 등
○ 마곡지구내 MICE 시설 설치를 유도하기 위하여 가이드라인 및"
"MICE산업 육성을 위하여 ‘전문인력 양성강화’ 및 ‘국내 컨벤션의 국제화 지원’ 등 실시","○ ‘전문인력양성 강화’ 및 ‘국내 MICE의 국제화 지원’ 등을 통해‘세계 최고 MICE 도시 서울’ 조성"
"산업특화지구’(산업특구) 10개소 혁신화·구조 고도화 지원","○ ‘산업특화지구’ 활성화 (개발진흥지구제 사업의 불합리성에 대한 제도 개선및 정체사업에 대한 지구별 여건을 고려하여 후속절차 이행)"
"특화상권 활성화지구’(유통 특구) 15개소 선정·지원","○ 서울내 특화업종별 상권집적지를 유통지구로 지정하여 유통산업 생태계형성 및 업종별 집적지역의 고도화를 통한 지역경제 활성화 도모"
"일자리진흥지구’ 시범 사업 추진","○ 일자리 관련 업체가 밀집된 지역공간을 ‘일자리진흥지구(취업의 거리)’로 지정하고, 특화된 일자리센터 운영으로 새로운 일자리 스토리텔링
○ 앵커시설(카페형 일자리센터) 설치 및 프로그램 운영, 일자리 매칭 지원을통한 고용·복지 공간 조성
○ 일자리 알선업체?민간기업?공공기관 등과 민관 거버넌스를 구축하여민간업체 지원 및 참여 유도"
"자치구별 ‘사회적경제특구(우선지구)’ 육성 지원","○ 사회적경제 특구 지정을 통해 공간적 집약과 체계적 지원으로 사회적경제조직의 지역 내 자생력 강화
○ 사회적경제 특구 내에서 사회적경제를 통한 지역의제 해결 및 지역산업육성의 새로운 방안 시도"
"전문인력 양성사업 구조 고도화 및 ‘2020다빈치 프로젝트’ 신규 추진","○ 서울에 집적된 우수한 연구기관과 인력을 활용, 서울의 미래를 견인할 고부가가치 지식기반산업 분야의 창조전문인력을 양성"
"챌린지 1000프로젝트’ : 3전 4기형 벤처창업 1,000개 지원","○ 연간 250개 우수 창업팀을 선발하여 자금(투자금 형태), 창업공간 제공
○ 멘토링 등 지원 통해, 민선 6기 동안 총 1,000개의 청년 창업기업 양성"
"공공서비스 중심 맞춤형 100대 적합업종 발굴","○ 연차별(’14~’18)로 공공서비스에 적합한 업종 25개씩 발굴, 뉴딜일자리로 우선 추진하여 민간에서의 안착 도모"
"뉴딜 일자리를 포함한 좋은 일자리 추진","○ 뉴딜일자리 10,000개 추진
○ 창조전문인력 양성을 통한 좋은일자리 18,000개
○ 사회적경제 일자리 10,000개"
"종합적 창업지원을 위한 ‘굿 스타트 일자리’","○ 지역사회 문제해결을 추구하는 안정적 지역사회 공공일자리 6,000개 창출
○ 도전형 인재의 벤처창업, 창의성·전문성을 갖춘 ‘1인 창조기업’에 대한 창업 및 성장 지원으로 일자리 5,000개 창출"
"시장 직속 일자리 위원회 신설","○ 시장직속 일자리위원회 설치·운영
○ 일자리지표 개발 및 활용을 통해 일자리 성과지표 혁신과 양질의 지속가능한 일자리 창출방안 마련"
"일자리 유관기관 혁신","○ 전 주기형 창업 지원체계 구축, 민간창업기관과 네트워크 및 협업 강화,성과에 기반한 차등 지원 등을 통한 창업 벤처기업 1,000개 육성
○ 서울일자리플러스센터의 구인·구직 개발 기능 혁신 및 청년 취업 플랫폼 구축 등을 통해 일자리 허브로서의 위상 강화
○ 사회트렌드에 맞는 기술교육원 교육과정 혁신 및 운영 효율화로취약계층의 경제적 자립기반 조성 및 미래산업 필수 기능인력 양성"
"자영업 지원센터’ 설치","○ 자영업 지원 인프라 구축하여 소상공인들의 자생력, 경쟁력 제고로 서울경제 활성화에 기여"
"전통시장, 다시 살림 프로젝트’ 확대 추진","○「전통시장 다시살림 프로젝트」서울형 신시장 확대 (’18년 100개)"
"<전통시장 진흥센터> 설치로 체계적, 종합적 지원","○ 서울시 전통시장 활성화를 위한 심층적인 조사연구 및 서울시만의 특성을 반영한 정책개발 기구 설치
○ 전통시장에 대한 거시적이며 미래지향적인 체계적 사업추진"
"중소기업 지키미 <하도급 호민관제 조례> 제정","○ 시 발주 관급공사의 공정하고 건전한 하도급 문화조성"
"<상가임차인 보호를 위한 특별조례> 제정, 정기적인 실태조사 및 상가임대차 상담.분쟁조정 확대 실시","○ 상가임대차 보호에 관한 법률 및 시행령 개정 추이를 반영한 특별조례제정, 정기적인 실태조사, 분쟁조정 확대로 실질적 임대차보호를 위한 특별조례 제정"
"‘서울형 장기 안심상가’시범 도입","○ 도시재생지역내 임대료 상승 제한 및 적정 임대료로 장기간(5～7년)영업 보장"
"한양도성 세계유산 등재","○ 진정성 있는 보존 철학에 입각한 세계유산 보존체계 구축을 통한 한양도성의 유네스코 세계유산 등재
○ 시민참여 확대를 통한 한양도성의 유산가치 공유"
"성곽마을 재생프로젝트를 통한 유럽형 명품주거단지 조성","○ 한양도성의 풍경과 마을살이를 존중하는 성곽마을 보전 관리
○ 성곽마을의 역사문화와 생활문화 보전 관리 ⇒ 서울의 미래 융합자산 구축"
"서울역고가 하이라인 파크 조성","○ 기존 고가 재활용을 통해 우리시 랜드마크로 조성하고 낙후된 서울역 주변지역 재생과 연게하여 경제 활성화 도모
- 서울역 주변지역과 연계, 문화?역사 테마를 고가로 연결하여 과거와현재가 융합된 창조적 문화중심 공간으로 재탄생"
"지하철 역사 유휴공간 등을 일자리 거점 및 창업공간 제공","○ 유동 인구 및 밀집도가 높은 지하철 역사 유휴공간에 일자리 거점 공간 활용하여 취업지원 서비스 40회 실시 및 소규모 창업공간 5개소 조성"
"대학가 주변 창업거점센터 조성","○ 지하철역, 대학가 주변 등 유휴공간을 활용 창업카페(창업거점센터)를5개소 설치·운영"
"대학가 주변 도전숙 조성","○ 공급목표 : 135호"
"창업 지원서비스 제공","○ 클라우딩서비스 및 3D프린팅서비스 제공 등 창업 지원환경 조성·제공"
"잠자리, 먹거리, 일거리가 한곳에서 해결되도록 지원","○ 구한국산업인력공단 내 조성예정인 서울창업허브에서 예비창업가 등이 창업활동과 숙식을 한곳에서 해결할 수 있도록 공간조성 및 운영"
"‘창동·상계, 홍릉 창업연계 산학협력’ 구축","○ 서울형 R&D사업 및 대학연계를 통한 창업지원형 산학협력체계 구축"
"서울형 도시재생 1조원 투자","○ 다양한 행정적·재정적 지원으로 서울형 도시재생정책 조기 실현"
"도시재생본부 설립 및 도시재생자문위원회 운영","○ 경제·사회·문화적 활력 회복(도시재생)을 통한 지속 가능한 도시발전"
"SH공사를 도시재생 전문기관으로 육성","○ 시민이 행복한 주거가치 실현 및 지속 발전하는 희망 공기업 구현"
"물리적, 문화적, 경제적 통합형 도시재생 사업 추진","○ 물리적, 문화적, 경제적 통합형 도시재생사업 추진을 통한 주거 미래가치 및 도시활력 제고"
"환자 안심병원 5개 병원 1,000개 병상 확대","○ 5개 시립병원에 1,000병상 규모 보호자 없는 환자안심병원 운영"
"공공 노인요양원 30개소 설치","○ ’18년까지 공공요양시설 30개소 확충(’18년까지 21개소 완료, 9개소 착공)"
"어르신 요양정보안내 시스템 설치.운영","○ 어르신 요양정보 안내시스템 설치·운영(‘14. 7월)"
"데이케어센터(주·야간 보호) 100개소 확충","○ 주야간보호시설 100개소 확충"
"어르신 치매예방을 위한 기억키움학교 운영","○ 노인장기요양보험서비스를 받지 못하는 등급 외 치매어르신을 위한 ‘기억키움학교’ 확대(’14년 5개소 → ’18년 12개소)"
"서울형인증제 확대로 요양서비스 질 제고","○ 데이케어센터 인증 확대(총 179개소→272개소)
○ 노인요양시설 인증제 도입을 통한(82개소) 요양서비스 질 제고"
"시립 노인요양보호사 돌봄센터 4개소 설치","○ 어르신돌봄종사자 종합지원센터 권역별 추가 설치 : 4개소(’17년도 내)
○ 돌봄종사자에 대한 사회적 인식 개선을 위한 지속적인 캠페인 전개"
"50+ 캠퍼스 5개소 설치","○ 장년층(베이비부머 세대 포함)을 위한 50+캠퍼스 5개소 설치"
"50+ 센터 11개소 운영","○ 50+센터 11개소 건립(’18년까지 8개 완공, 3개 착공)"
"50+ 명예기관장제 도입","○ 베이비붐 세대를 지역복지시설 등의 명예기관장으로 발굴 임명"
"50+ 사회공헌아카데미 교육 확대","○ 베이비붐 세대의 사회공헌활동 기반마련 및 지역사회 리더 양성"
"50+ 마을컨설턴트 200명 양성","○ 베이비부머의 마을활동 강화를 위한 ’베이비부머 컨설턴트 양성’ :50명(’15) → 200명(’18)"
"50+ 경험과 노하우를 배우는 온라인 인생학교(TED) 조성","○ 50대 베이비부머의 경험과 노하우를 배울 수 있는 온라인 인생학교 구축"
"50+ 보람 일자리 5,000명 확대","○ 50+창업멘토단 등 보람일자리 ’18년까지 총 5,000명 확대"
"찾아가는 복지플래너(사회복지사+방문간호사) 실시","○ 사각지대 발굴, 사례관리 강화 등 ‘찾아가는 복지서비스 현실화’를 통해시민 복지체감도 제고
○ 사회복지사와 방문간호사의 연계 협조로 주민밀착형 보건·복지통합서비스 제공"
"주민센터 사회복지인력 두배 확대","○ 사회복지인력 2,000명 → 4,000명(사회복지사 2,000 명 신규증원)
○ 방문간호사400명 → 800명 이상으로 확대"
"동 주민센터를 민·관협력 복지허브 기구로 재구조화","○ 관 주도에서 주민 주도의 복지생태계 활성화를 통한 복지행정 패러다임의 혁신 추구
○ 주민이 찾아오는 행정에서 찾아가는 방문복지 중심의 복지행정으로 전환"
"국공립어린이집 1,000개소 확충","○ 2015년 163개소 2016년 302개소 2017년 300개소 2018년 250개소"
"재난의료전담센터 설치","○ 중증외상센터 2개소 설치(강북 1개소, 강남 1개소)"
"0~12세 아동에 대한 주치의제도 실시","○ 0~12세 아동의 개인별 주치의가 청소년기까지 필수건강 관리 지원"
"맞춤형 여성일자리 10만개 창출","○ 여성 대상별 맞춤형 직업훈련, 여성 사회서비스·공공 일자리, 여성인턴십 프로그램 운영 등을 통한 여성일자리 10만개 창출"
"돌봄 주부를 위한 주부휴가제 시행","○ 어르신·중증장애인 돌봄 가족의 휴가제 지원으로 가족관계 강화"
"범죄예방 서비스디자인을 적용한 ‘안전마을’ 50곳 만들기","○ 디자인을 통해 환경을 개선함으로써 범죄자의 심리를 위축시켜 범죄를 사전에 차단하는 범죄예방디자인 적용으로 시민의 삶의 질 향상, 범죄로 인한 사회적 비용 절감 및 예방행정의 새로운 패러다임 제시"
"<안심귀가 스카우트> 확대 운영","○ 여성과 청소년들의 안전한 귀가 지원을 통해 여성이 안전한 서울 조성"
"자치구별 1개 이상, 서울 가족학교(가족 Talk Talk 스쿨) 운영","○ 변화하는 서울의 가족형태와 가족주기를 반영한 시민생활 밀착형 가족지원서비스를 통해 건강한 가족, 이웃과 함께 어울리는 사회 분위기 조성
○ 가족간 세대간 화합을 위한 가족친화 프로그램을 개발 운영하여 ’가족과 함께하는 행복한 서울’ 기반 조성
○ ’15년에 11개소(광역1개소 포함) 구축을 시작으로 ’18년에 26개소 확대 운영"
"안심주택 8만호 공급(2018년)","○ 공공임대 6만호 + 민간임대 2만호"
"대형 장기전세주택 매각으로 재정건전성 확보","○ 2009. 6.26. 이전 사업승인 된 서울주택도시공사 소유 114㎡이상 장기전세주택(861호)를 타 공공주택사업자에게 매각"
"관리형 및 공공토지임대형 주택협동조합 육성","○ 공공주택협동조합 설립 및 공공주택의 자발적 민주적 운영관리를 통한 주거공동체 형성"
"민간임대주택 지원을 위한 국민주택기금 및 이자지원 확대","○ 민간의 자본을 활용한 민간임대주택시장의 자생적 활성화를 통한 서민주거안정 도모"
"전용면적 30~60m² 소형주택 20만호 공급 지원","○ 2~3인용 소형주택(30~60㎡) 임기내(’18.6월) 12만호 공급지원(’20년까지 20만호)"
"저렴 소형주택 집중공급을 위한 도시계획 지원강화","○ 2~3인용 소형주택(30~60㎡) 임기내(’18.6월) 12만호 공급지원(’20년까지 20만호)"
"주택임대차 표준계약서 의무사용 법제화 건의","○ 주택임대차표준계약서 활성화를 위한 대시민 홍보 및 법제화 건의"
"서울 주택임대차 분쟁조정위원회 권한 강화","○ 주택임대차분쟁조정위원회 운영 강화 및 구성 근거 마련을 위한 법 개정 건의"
"전월세 단기자금 규모 확대","○ 전월세 단기자금 규모 확대
- 기금 50억→100억 조성 (100세대 →150세대 지원 확대)"
"전월세 공공정보 및 민간거래정보를 연계한 통합정보제공 강화","○ 신뢰할 수 있는 부동산 정보제공으로 정보 불균형 해소
○ 세입자 권익보호를 통한 상생 전월세시대 기반구축"
"최우선 변제금 규모 정기조사, 지역별 표준(공정) 임대료 조사.시범공표 및 법령개정 건의, 표준임대료 준수 시, 전월세 주택관리대행 시범도입","○ 전월세 실거래자료를 통한 우선변제 대상 보증금 거래현황 파악 및 최우선 변제금 규모 파악
○ 지역별 표준(공정) 임대료 조사·시범공표 및 법령개정 건의
○ 표준임대료 준수 시, 전월세주택 관리대행 시범사업 실시"
"시민 모니터링요원 및 전담조직 신설","○ 부당한 거래정보 상시 감시체계 구축을 통한 공정시장 조성
○ 신뢰할 수 있는 부동산 정보제공으로 상생전월세시대 기반 마련"
"세대융합(화합)형 공공주택 공급","○ 장년층에게는 임대수입을 보장하고, 청년층에는 저렴한 임대료의 임대주택을 제공하는 세대융합(화합)형 공공주택 공급"
"서울형 주거급여제도(주택바우처) 대폭 확대","○ 심각한 전·월세난을 겪는 저소득층의 주거비 부담을 덜어줌으로써,시민 주거복지 수준 향상"
"SH공사 주거복지 전문기관 육성 및 SH 주거복지사업 예산 5,000억원 확보","○ SH공사 주거복지 전문기관으로의 육성을 통한 공공임대주택입주민 주거환경개선 및 삶의 질 향상에 기여"
"특수판매분야에 대한 특별사법경찰권 도입 추진","○ 민생범죄 대응을 위한 전담기구 설치와 수사역량 강화를 통한 수사력 집중으로 위법행위 시전예방 및 확산 차단"
"불공정피해 상담센터 기능 확대","○ 불공정피해 사전 예방활동 강화로 불공정행위에 대한 피해구제 및 예방"
"금융복지상담센터 확대 운영","○ 2015년 지역센터 확대(7→10개소)
○ 금융복지상담센터 종합상담 기능 수행 및 전문성 강화
○ 전담재판부 운영 효율화"
"청년두배통장’ 개설","○ 청년층의 저소득 상황 극복을 지원하기 위하여 저축에 의한 자산형성지원으로 저소득 청년층의 자립기반 구축"
"서울시내 초미세먼지 4년간 20%이상 감축(25→20μg/m³)","○ 초미세먼지 연평균 25㎍/㎥(’13년) ⇒ 20㎍/㎥(’18년) 달성"
"동북아 대도시 대기환경협의체 구성 및 대기개선 노하우 공유","○ 베이징 등 동북아 도시와 협력체계 구축을 통해 도시별 대기오염감축계획을 제시하고 실질적인 이행을 담보할 수 있도록 추진"
"초미세먼지 노출 예방 시스템 구축","○ 초미세먼지 예보시스템 구축 및 취약계층에 대한 황사마스크 지급으로 초미세먼지에 대한 시민노출을 최소화 하여 건강 보호"
"생활권 주변 10분거리 공원 조성","○ 공원녹지공간이 부족한 도심 생활권 공원녹지 확충으로 시민이 생활에서 체감하는 공원녹지 서비스 증대
○ 시민주도의 공원녹지 공간 조성과 관리로 지역커뮤니티 문화조성"
"유아숲 체험장 50개소 설치 등 생애주기별 힐링공원 조성","○ 생애주기별 힐링공원 60개소 조성
- 유아숲체험장 50개소, 청소년 체험의 숲 2개소, 치유의 숲길 8개소"
"걷고 싶은 서울길’ 완성","○ 길 문화 안전이 어우러진 ‘걷고 싶은 서울길을 완성’하고, 서울의 다양한 길을 통합 관리 안내할 수 있는 통합 안내시스템 운영"
"학교 80개교와 사회복지시설에 ‘싱싱텃밭’ 조성","○ 초등학교 학교농장 조성 : 80개교
○ 사회복지시설 텃밭 조성 : 560개소"
"생태 친화적 가로수길 ‘우리동네 산책길’ 조성","○ 생태적으로 건강하고 아름다운 주제와 특색이 있는 가로수 산책길 조성"
"시민참여형 소규모 햇빛발전소 확대","○ 미니태양광 4만호 보급, 태양광 시민펀드 조성 등 시민이 직접 에너지생산에 참여하여 기후변화 대응 및 전력자립에 기여"
"태양광 설치비’ 장기 저금리 융자지원","○ 건물주 발전사업자에게 태양광 설치비를 저리 융자하여 발전사업 초기부담을 완화하여 태양광 발전 확대 지원"
"녹색기업 지원을 통한 좋은 에너지 일터 조성","○ 자금, 인력, 경영, 판로지원 등 제도적 지원을 통한 기업육성이 일자리로연계될 수 있도록「지속가능한 녹색산업 생태계」조성"
"서울형 녹색기술 R&D 지원과 전문인력 양성 확대","○ 녹색산업에 대한 집중적인 연구 개발지원 및 전문 기능 인력의 지속적양성을 통해 녹색산업의 발전기반 조성"
"공공·작은도서관 지속적 확충 및 운영 개선","○ 공공도서관 172관, 작은도서관 940관으로 확충
○ 도서관 운영비 확대 지원하여 정보자료 서비스 수준 제고와독서문화 환경 조성으로 책으로 시민의 힘을 키우는 서울 구현
○ 서울시 모든 도서관을 이용할 수 있는 책이음서비스 시스템 구축 지원으로도서관 이용 촉진과 시민 이용 편의 향상"
"서울시네마테크’ 건립","○ 서울 영상문화의 거점, “서울시네마테크” 건립
- 상영관, 영화아카이브, 영화미디어센터 등 복합영화문화시설로서 기능"
"대중음악 전문 공연장’ 건립","○ 문화기반이 열악한 동북권에 대규모 공연이 가능한 ‘대중음악전문공연장’ 건립(’17년 12월 : 착공)"
"콘서트 홀’ 건립","○ 세계 최고 수준의 ‘정통 클래식 콘서트홀’ 건립(’19년 착공)으로 서울을음악의 도시로 조성
- 세계적 수준의 오케스트라 육성을 통한 공연·관광문화 수요 창출
- 세계의 다양한 예술가와 음악가들이 서로 만나 소통하는 클래식 음악의 메카로 기능"
"국악예술당’ 건립","○ 창덕궁·창경궁 부근의 돈화문로의 궁중樂舞 중심의 전통국악 거점시설 조성
○ 국내·외 궁 관광객과 연계하여 전통국악의 우수성 전파 및 문화적 자긍심 고취"
"서울공예박물관’ 건립","○ 서울 중심부에 공예 전문박물관을 건립하여 공예문화의 허브 공간 창출"
"생활체육 주말시민리그제 운영","○ 시민들의 생활체육 접근성 향상 위한 시설 인프라를 확충하고 시민리그제 운영으로 시민들의 생활체육 참여율 제고"
"한강 행복몽땅 축제 확대","○ 江이라는 공간 특성을 살린 문화여가프로그램을 확대하여 친환경적인 한강의 활용도를 높여 시민들에게 즐거움과 휴식공간을 제공하는 서울 대표 여름축제로 정착 발전"
"생활 속의 전면 보행전용거리 확대","○ 보행전용거리 확대로 사람 중심의 안전하고 쾌적한 보행환경 조성"
"지역 상인·거주민 합의 후, 소규모 보행 전용지구 신청","○ 보행전용거리 확대로 사람 중심의 안전하고 쾌적한 보행환경 조성"
"도심 광폭도로에 대한 도로 다이어트 추진","○ 시민이 안전하고 편리하게 생활할 수 있도록 도심 도로의 차량 공간을 축소하여 보행중심의 시민활동 공간으로 재편 추진"
"다양한 보행친화도로 개선사업 추진","○ 대각선 및 광폭 횡단보도 등 다양한 보행친화도로 개선사업 추진을 통해 보행자의 이동편의 증진과 보행권 확보"
"빅데이터 분석을 통해 시민이동성 케어센터(MM Center) 운영","○ 시민 누구나 차별 없이 누리는 보행중심의 시민이동케어 서비스 실현"
"지하철역 엘리베이터 설치 지속추진, 공공시설 장애인 동선 확보","○ 교통약자의 이동권 보장에 대한 사회적 요구가 지속적으로 증가함에 따라 지하철 이동편의시설 설치 지속추진"
"제물포대로, 서부간선도로, 동부간선도로 지하화 및 상부 공원화 추진","○ 자동차 중심의 도시고속도로(제물포로, 서부간선도로, 동부간선도로)를 지하화 및 일반도로화하고 이를 통해 확보된 공간에 공원 조성"
"수도권연계 광역도시철도 신설 및 제3기 도시철도 조기 추진","○ 수도권 교통난 해소를 위해 수도권 연계 광역도시철도 건설 추진
- ’18. 6월까지 신분당선연장선, 남부광역급행철도, KTX 동북부연장선을 국가철도망구축계획에 반영되도록 국토부 등 관계부처와 지속 협의
○ 차질 없는 민자사업 절차이행을 통해 제3기 도시철도 조기추진
- ’18. 6월까지 7개 노선 협약체결 완료, 5개 노선 착공, 1개 노선 개통 완료"
"지역 아동예술교육센터 10개소 설립","○ 유휴공간을 활용한 권역별 조성(4개소), 유사시설 기능개편(6개소)을 통한 지역예술교육센터 10개소 조성"
"테마교육공원 4개소 조성","○ 기존 공원의 인프라를 활용한 미래지향적 학습과 체험활동 강화
○ 지역특성을 반영한 5대 권역별로 추진
- 동부권 : 어린이·청소년 문화·체험 교육공원(어린이대공원)
- 서부권 : 에너지·환경 교육공원(월드컵공원)
- 남부권 : 다함께 자연과 하나되는 생태문화 교육공원(서울대공원)
- 북부권 : 문화예술과 역사가 흐르는 교육공원(북서울꿈의숲공원)
- 중부권 : 나비와 곤충테마 교육공원(서울숲공원)"
"에코스쿨(학교 공원내) 80개교 조성","○ 에코스쿨(학교공원화) 80개교 조성"
"아토피 캠프, 아토피 힐링프로그램 확대 운영","○ 지자체 아토피 치유체험 캠프 프로그램 확대 운영(’18년 1,000가족)
- 1박2일 캠프(누계) : ’14년 100가족 200명 → ’15년 250가족 500명→ ’16년 500가족 1,000명 → ’18년 1,000가족 2,000명"
"아토피·천식 안심학교 인증제 확대","○ 아토피·천식 안심학교 인증제 확대
- 인증목표(누계) : '14년 15개소 → '15년 25개소 → '16년 40개소 → '18년75개소(대상학교의 15%)"
"시민들의 삶의 질 향상을 위한 평생교육 지원","① 개방형 서울자유시민대학 설립 운영
- 커뮤니티칼리지 및 뮌헨시민대학 형식의 평생교육체계 도입
- 비학위 및 학점은행제 과정 병행을 통한 누구에게나 열려 있는 개방형 대학 운영
※ 개방형 대학 운영을 위한 별도의 건물 확보 검토
② 2년제 개방형 비학위 정규과정 운영 (4개 분야 120개 강좌)
- 비학위 중심 운영(2년 과정), 1년 과정 학점이수제
③ 인증서(서울시장명의) 수여
- 누적된 이수단위가 자체 취득기준 충족 시 인증서(졸업장) 수여"
"<사회적경제 지역허브> 공간 조성","○ 사회적경제 클러스터 공간 조성 : 10개소(’14년~’18년 6월)"
"은평 <서울혁신 파크> 세계 수준화 및 사회혁신 파크 추가 조성","○ 새로운 사회·경제적 가치를 창출하는 사회 혁신의 글로벌 중추기지 조성"
"골목경제 협동조합을 위한 공동협업사업 지원","○ 다양한 분야에서 협동조합의 설립되고 안정적으로 운영될 수 있도록 설립지원과 함께 경영 및 운영내실화 지원
○ 지역단위 협동조합 활성화 및 민간 역량강화 지원을 통한 자립기반조성 추진"
"생활서비스 제공하는 사회적경제기업 육성","○ 지역단위의 생활서비스를 제공하는 사회적경제 조직 육성 등을 통한자립기반 조성과 사회적경제 지속가능성 제고
○ 분야별 지원정책 연계 및 기업별 맞춤형 지원으로 생활서비스 분야 사회적경제 기업 창업 지원 및 우수기업 육성"
"주민 희망마을’ 추진","○ ‘주민희망마을’ 10곳 조성? 도로정비, 생활환경 개선, 안전시설 등 마을 공동인프라 조성? 주민커뮤니티센터 설치 운영 등을 통한 마을 공동체 활성화? 주택개량 및 관리 지원 등 주거복지 서비스를 통한 주거환경 개선? 지역특성에 따라 주민주도의 계획수립을 통한 마을의 미래상 공유"
"서울 문화관광을 위한 참여형 스토리 플랫폼 구축","○ 서울 매력명소 이야기를 수집, 공유할 수 있는 시민참여 주도의 스토리 플랫폼 구축으로 관광자원 기반 마련
○ 다양한 형태의 시민참여 및 모바일 플랫폼 신설을 통해 서울문화관광 홍보 및 체험기회 확대"
"낙후된 전통제조업 지구의 스마트제조업 및 1인 제작자 놀이터로 조성","○ 낙후된 전통 제조업 지구내에 스마트제조업 공간이나 1인 제작자 놀이터 조성"
"커뮤니티 매핑을 통한 시민참여형 재난극복시스템 구축","○ 생활 속 안전사고 위험요인이나 재난징후 등에 대한 시민들의 자발적신고를 유도하고 안전에 대한 관심 제고"
"디지털 국제페스티벌 개최","○ 글로벌 혁신 주체들이 모여 서울의 디지털 문화를 공유하고 확산하는국제 행사를 개최함으로써 디지털 혁신 주체들 간 교류의 장 마련"
"“디지털 싱크탱크 : 서울디지털재단” 설립","○ 디지털 서울 구현과 디지털 산업 육성?지원을 위한 디지털 싱크탱크‘서울디지털재단’ 설립, 운영"
"서울전역 와이파이존 구축","○ 유동인구 집중지역 공공 무선인터넷 10,000개소(AP) 설치
○ 7,500대 시내버스 공공 무선인터넷 설치"
"공중화장실 쉽게 찾도록 도와드려요","○ 공중화장실 관련정보 온라인 실시간 제공"
"여성에게 꼭 필요한 가이드정보를 내 손안에!","○ 서울여성의 서울시 여성정책 정보력 향상을 위하여 여성가이드북을 제작하여 여성관련 시설 등에 배포 및 모바일 앱 개발"
"서울시가 장애청소년의 휴가를 지원합니다","○ 이동이 불편한 장애 청소년(15세~24세)과 후원자를 연계하여 여행경비, 물품 및 동행 지원을 통해 휴가 체험 기회 제공"
"길 잃은 장난감, 어린이에게로 찾아가요","○ 지하철, 버스, 택시 등 교통 수단내 유실물 중 찾아가지 않은 장난감 등 어린이 용품을 저소득층 자녀에게 기부"
"함께나눠쓰는공구,서울시공구은행","○ 저렴한 비용으로 다양한 공구를 편리하게 이용
○ 지역 자원봉사 활동을 쉽고 편하게 할 수 있도록 공구은행(공구도서관) 설치"
"독서토론 도우미가 어르신 치매예방을 도와드려요","○ 독서토론 도우미를 활용한 독서치료 활동을 통해 어르신 치매예방과 다양한 독서 유도를 통한 독서문화 활성화"
"공원과 산책로 칼로리 게시판 후원합니다","○ 시민들이 이용하는 공원 및 산책로에 ‘칼로리 소비량’ 정보게시판을 설치하여 운동 효과에 대한 정보 제공과 신체활동 활성화 동기부여"
"서울 선데이파크에서 놀면서 살빼요","○ 가족 단위 주말 야외 놀이 프로그램 활성화"
"우리 아이 돌보미, 서울시가 찾아드려요","○ 서비스 연계 및 아이돌보미 양성을 통한 맞벌이 가정 등에 다양한 맞춤형 아이돌봄 서비스의 효과적 제공"
"건강비법, ‘서울 건강지도’로 확인하세요","○ 서울시민에게 건강관련 통합정보서비스 제공 홈페이지 개설·운용"
"외톨이 청소년, 서울시랑 친구해요!","○ 외톨이 청소년의 심리·정서적 안정 및 사회성 향상을 고취하여 건강한 사회인으로 성장할 수 있는 서비스 체계 구축"
"다문화 창업, 서울시가 힘을 보탭니다","○ 창업을 통한 결혼이민자, 귀화자 등 다문화가족의 성공적 경제적 자립"
"서울 안전신고 포상제","○ 생활 속 안전사고 위험요인이나 재난징후 등에 대한 시민들의 자발적 신고를 유도하고 안전에 대한 관심 제고"
"도서관 행복도우미로 우리 동네 도서관이 편리해져요","○ 공공
-작은도서관 연계를 통해 사서에 의한 작은도서관 지원체계 구축
○ 자원봉사자(명예관장, 행복도우미)를 활용하여 작은도서관 활성화 도모"
"어르신자서전, 서울시가 어르신을 지원합니다","○ 65세 이상 희망어르신 총 500명 어르신 자서전 지원"
"‘어린이 집 아동보호수칙’이 있잖아요","○ 어린이집이 지켜야 할 ’아동보호 수칙’을 마련하여 어린이집, 부모에게 제공"
"서울에 휠체어 그네가 생겨요","○ 대형공원 놀이터에 장애아동들도 이용할 수 있는 휠체어 그네시설 등 놀이기구 설치"
"즐거운 여름방학 체험 프로그램","○ 방학동안 건전한 놀이문화, 자원봉사, 직업체험, 저소득층 캠프 등 청소년을 위한 알찬 여름방학 체험 프로그램 운영"
"청각장애인과 함께 CCTV로 만드는 안전한 서울","○ 서울시 CCTV 모니터링 업무에 청각장애인을 채용함으로써 시민의 안전을 책임지는 양질의 장애인 일자리 제공"
"중증장애인 및 독거노인을 위한 이동식 이불빨래방!","○ 이동식 이불빨래방 운영으로 이동이 불편한 독거어르신·중증장애인에대한 생활환경 개선 및 삶의 질 제고"
"서울시와 종교계가 함께하는 ‘살사’ 프로젝트","○ 서울시가 종교계와 함께 주민밀착형, 자살예방체계를 구축하여 생명존중에 대한 연대의식을 고취하고 위기대응 능력을 강화하여 사각지대 없는 서울시민 자살예방 안전망을 확립함"
"휴대폰 무료로 충전해 드려요","○ 시민들이 휴대폰 배터리 방전으로 긴급한 통화를 못할 경우를 대비하여 지하철 역사에 휴대폰 무료 충전서비스 및 휴대용 배터리 대여서비스 제공"
"‘희망서울, 행복가족’을 발간하겠습니다","○ 가족구조의 변화에 적응하고 미래지향적 가족관계 증진을 위한 대안 제시 등을 담은 가족보고서 연1회, 500부 발간
○ 가족 정보의 창(窓), ’서울시 패밀리 포털 사이트’ 개설(’17년)"
"임산부도 편안한 대중교통을 서울시가 마련합니다.","○ 지하철, 버스 등 대중교통 수단내 임산부를 배려하기 위한 좌석디자인을 변경하여 임산부가 더욱 편리하게 이용하도록 개선"
"어르신 건강버스, 서울시가 찾아갑니다","○ 경제적 어려움이나, 거동이 불편하여 멀리 떨어진 병원을 이용하기 어려운 어르신을 위해 어르신 건강버스 운영"
"달리는 공기청정기로 미세먼지 잡아요!","○ 분진흡입청소의 확충과 미세먼지 발생원에 대한 감독 강화로 시민들의 초미세먼지 노출을 최소화하여 건강보호 기여"
"에너지절약건물, 인증명패를 달아드립니다","○ 에너지절약건물에 대한 인증 및 명패달기 사업으로 에너지 절약에 대한사회적 공감대 확산"
"스모그 잡는 친환경 소재, 서울시가 설치합니다","○ 대기오염을 줄일 수 있는 친환경 소재 벽면 관리 등을 통해 오염물질감축 및 시민건강 도모"
"음식물 쓰레기, 서울시가 돈이 되게 해 드려요","○ 음식물쓰레기 발효통 보급
○ 음식물쓰레기 퇴비 재활용을 통해 지속가능한 도시농업 활성화에 기여"
"우리 동네 거리에 과일이 넘쳐요","○ 자연의 이해도 높이고 심신의 안정과 정서순화에 기여
○ 삭막한 도심 속에서 고향의 정감이 넘치는 공간 조성"
"서울시민 체력인증제, 도전하십시오!","○ 서울시민의 생애주기별 스포츠활동을 체계적으로 지원하기 위하여 과학적으로 체력을 측정할 수 있는 서울시민 체력인증제 추진
○ 서울시민 체력인증 행사를 통한 체력인증제 홍보 및 체력증진왕 시상
"
"시민들과 함께 만드는 나눔 주차장","○ 기존 부설주차장을 이웃과 공동으로 이용함으로써 물리적인 주차공간 확충의 한계 극복 및 나눔 문화 확산"
"나무와 꽃에 이름표를 함께 달아요","○ 생활주변 길거리, 공원 등의 아름다운 꽃과 나무에 이름표 달기"
"어린이를 위한 안전한 집, 서울시가 인증해 드려요","○ 안심하고 아이를 키울 수 있는 공동주택 주거환경 조성"
"의자가 있는 서울의 거리","○ 유휴 도시공간을 창의적 컨셉의 의자가 있는 휴식공간으로 조성"
"스마트형 공공 쓰레기통, ‘진격의 스마통’","○ 태양광을 접목한 똑똑한 쓰레기통 보급으로 거리 청결 향상 및 청소 혁신
- ’15년 상반기까지 태양광을 활용한 미래형 휴지통 개발, 15개소 설치 운영을 통해 지속가능한 서울형 스마트 쓰레기통 모델 개발"
"시민들이 도심의 버려진 공간을 살려요","○ ‘Renew
-Creative’ 공모전 개최(매해 5월)
○ 시민의 창의적 아이디어로 유휴공간을 활용 공공장소 만들기"
"자전거 거치대를 무료로 드립니다","○ 안전하고 편리하게 자전거 출퇴근이 가능하도록 자전거 통근자를 위한 자전거 거치대 무료설치"
"밤에도 안전한 반짝반짝 빛나는 자전거도로","○ 자전거도로 교통안전시설 보강으로 야간 시인성 강화"
"나를 감동시킨 착한 택시를 알려 드릴게요","○ 친절하고 모범적인 택시기사를 발굴, ‘나를 감동시킨 친절 택시’로 선정·홍보하여 시민에게 신뢰받는 선진적인 택시문화 정착"
"보행환경 점수제","○ 서울시 주요 보행로에 대한 보행환경 평가 및 정보 제공"
"예술이 되는 매력적인 버스정류장!","○ 버스정류장에 독특한 디자인을 적용한 ‘디자인승차대’ 설치를 통해 도시의 새로운 명물로 재탄생"
"서울시 보행 마일리지","○ 생활 속의 걷기 실천 시민에게 보행마일리지 제공 및 사용처 확보"
"배리어프리(barrier
-free) 버스정류장","○ 장애인, 어르신 등 교통약자의 버스정류소 접근 및 승하차 불편해소를 위해 무장애정류소 설계 및 지침 마련"
"시민들께 서울의 혁신점수를 알려드려요","○ 매년 혁신지수를 조사 발표하여 시민들께 서울의 혁신역량에 대한 정보를 제공하고 조사결과를 정책진단 및 평가 시 반영"
"서울의 생활정보, 손 안에서 확인하세요","○ 시민들이 스마트 폰으로 우리 시에서 제공하는 ‘물가정보’에 쉽게 접근할 수 있도록 모바일 웹(시스템)을 개발함"
"위대한 골목가게 탄생, ‘우리 가게 콘테스트’","○ 자활의지 강한 영세자영업 점포 디자인 및 경영개선 지원을 통해 골목상권 활성화"
"관광지 혼잡, 모바일로 미리 확인하세요","○ 서울의 주요 관광지 유동인구(혼잡도) 정보와 함께, 명소/맛집/숙박/공연예약 등 종합적인 관광정보를 모바일을 통해 서비스 하여 관광객 편의 향상"
"전통시장 장보기, 서울시가 보관해 드립니다","○ 쇼핑환경 개선을 위한 보관센터 운영으로 전통시장 활성화에 기여"
"서울의 역사와 명소, 애니메이션 속에서 만나요","○ 서울 홍보 장편 애니메이션 1편 제작
- 공모를 통해 선정된 제작사를 지원하여 장편 애니메이션 제작
○ 애니메이션을 활용한 OSMU(One Source, Multi Use) 추진으로 관광 활성화 및 도시 브랜드 제고
- 테마파크, 뮤지컬, 축제, 완구 등 애니메이션을 기반으로 한 서울의 부가가치 창출"
"우리 동네 상권에도 로고가 생겼어요!","○ 침체 위기에 놓여있는 상가 밀집지역을 대상으로 상권 로고제작과 홍보를 지원함으로써 상권의 인지도 향상 및 경쟁력 강화를 도모"
"위기의 중소기업 대처방법을 알려드립니다","○ 중소상공인대상 창업·영업·폐업 등 전 과정의 지침서 보급으로 경영위기 대처능력 제고"
"배리어프리 관광, 서울시가 인증합니다","○ 관광상품에 대한 배리어프리 정보를 제공하고, 배리어프리 기준을 갖춘 관광상품의 품질 보증을 위한 인증제 도입"
"종교계와 함께하는 희망수레(사회적 배려기업)","○ 참신한 아이디어와 상품을 보유한 작지만 소중한 기업을 위한 유통망 확산과 마케팅 지원을 통해 서울형 창조경제를 뒷받침할 글로벌 강소기업으로 육성"
"동네 위해 헌신하신 사장님의 공헌을 인증합니다","○ 지역사회 내 환경개선, 장애인지원, 자원봉사 등 지역사회공헌 활동을실시한 소상공인(점포)를 선정하여 홍보 등 각종 인센티브 제공"
"시민이 참여하는 사진있는 공원 만들기","○ 공원에서 열리는 시민참여 사진 공모 전시회 개최"
"우리 동네 아티스트 서울시가 공간으로 후원해요","○ 지역 내 유휴시설 활용 연습공간 및 생활권 내 공연기회 확대를 통한 예술가의 창작활동 및 자립기회 제공"
"거동이 불편하세요? 도서관이 찾아갑니다","○ 도서관 방문이 어려운 장애인등 거동불편자들에게 원하는 자료를 거주지에 무료배달(대출/반납)하여 신체적 여건에 관계없이 정보이용과 정보접근 기회 확대"
"춤추고 노래하는 공원등과 함께해요","○ 공원 내 춤추고 노래하는 공원등을 설치하여 삭막한 도시에 생기와 활력을 제공"
"예술가와 함께하는 나이야 물럿거라! 나도 예술가","○ 어르신 예술가 매년 100명 교육 지원"
"도로를 시민들의 문화공간으로 돌려드려요","○ 동네 주민들이 주인공이 되는 지역별 맞춤형 모델을 구축 지원하여 골목길, 도로 등을 시민들의 문화공간으로 회복"
"시민카드로 마음껏 빌려가세요","○ 공공도서관 대출, 장난감 대여, 체육시설 이용 등 여러 행정 서비스를 편리하게 이용할 수 있는 ‘서울시민카드’ 도입"
"음악으로 지키는 안전한 우리 동네!","○ 지하도 등 불안을 느끼는 지역에 클래식 음악방송으로 범죄예방
○ 우범지역 선정 후 스피커 설치, 위험시간대 클래식 음악 송출"
"응급상황별 대피요령 가이드라인 발간","○ 주요 재난재해 및 응급상황별 대처요령을 책자형태로 제작·배포
○ 시민들이 쉽게 접근하여 숙지토록 온라인 등 다양한 수단 활용"
"깨끗한 ‘아리수 음수대’가 찾아갑니다","○ 도시의 길거리 등 도심 주요지점에 아리수 음수대를 설치하여 깨끗하고 맛있는 아리수를 시민께 제공"
"시민이 돕는 외국인을 위한 대피요령 매뉴얼","○ 재난·재해상황 발생시 서울에 거주 또는 관광 중인 외국인의 안전확보를 위해 재난대피요령 안내매뉴얼을 제작·보급
○ 관계분야 종사자 등에 대한 교육을 통해 안전도시 조성에 기여"
"어린이 안전, 노래와 게임으로 재미있게 배워요!","○ 재미있게 배울 수 있는 어린이 눈높이에 맞는 교육 콘텐츠 제작
○ 어린이가 쉽게 접근할 수 있는 다양한 수단을 활용하여 보급"
"도시소음도 스마트관리시대","○ 도시소음에 대한 매뉴얼 마련을 통해 시민들이 실체 체감하는 수준에서 대처방안을 스스로 마련하여 소음에 스마트하게 대처"
"우리 동네 안전감시단","○ 주민 스스로 지역의 안전감시 활동을 통해 안전 위해요소들을 발굴 개선해 나감으로써 안심하고 안전하게 사는 우리동네 조성"
"서울시정 대학생 인턴십 프로그램","○ 대학생 인턴십을 통해 취업시장의 이상적인 인재상으로 육성"
"집으로 시청을 배달합니다","○ 관공서에서 멀리 떨어진 취약지역, 취약계층 밀집지역 등에 ‘찾아가는 시청트럭’을 운영함으로써 시민편의성 및 민원서비스 만족도 제고"
"‘서울 시정학교’로 오세요","○ 복잡한 행정절차나 어려운 정책용어를 시민들에게 알기 쉽게 알려주는 시정학교(아카데미)를 운영함으로써 시정에 대한 이해 도모"
"꼬마 건축가, 서울시로 모여라!","○ 꼬마건축가 프로그램은 학생들 스스로가 생활의 공간이 건축을 이해하고,강의와 답사 등을 통해 지역생활 속에서 건축의 역할과 공간의 소중함을 체험할 수 있는 계기 마련"
"학교폭력 대처 방법, 서울시가 알려드립니다","○ 학교폭력에 대한 대응 방안을 마련함으로써 학교폭력사건을 원활히 해결하여학교폭력 피해학생 2차 피해 방지
○ 외톨이 청소년의 심리·정서적 안정 및 사회성 향상을 고취하여 건강한사회인으로 성장할 수 있는 서비스 체계 구축"
"서울 굿파더 프로그램과 함께해요","○ 가부장적 한국문화에 익숙한 남성을 대상으로 강연 및 체험 프로그램을 진행함으로써 가정 내 소통과 평등문화를 확산하고, 자녀 양육에 힘쓰는 새로운 아버지상을 정립하고자 함"
"도시텃밭 매뉴얼로 ‘텃밭가꾸기’ 확인하세요","○ ‘쉽게 배우는 도시텃밭 가꾸기’ 매뉴얼 제작·배포 및 모바일 웹 운영"
"‘희망기네스’! 서울에서 이것만큼은 내가 최고!","○ 다양한 공익활동이나 사회적기업, 마을기업 등 사회적 가치지향의 사업 등을대상으로 공모?선정하여 함께 공유함으로써 서울시민의 자긍심 고취"
"“알뜰살뜰 서울시 가계부”, 일간지에 공개합니다","○ 시 재정상황을 주요 일간지에 게재하여 투명한 재정체계 운영
※ 게재내용
① 세입·세출예산의 집행상황
② 재무보고서
③ 지방채·일시차입금 등 채무의 현재액
④ 채권관리 현황
⑤ 기금운용 현황
⑥ 공유재산의 증감 및 현재액
⑦ 재정건전화계획 및 이행현황
⑧ 통합재정정보
⑨ 기타 재정 운용에 관한 중요사항
⑩ 재정분석 및 감사결과 등"
"어린이 체험학습 프로그램, 일목요연하게 모아드려요","○ 서울시 공공기관 및 시설, 공원, 도서관, 박물관 등에서 운영하는 어린이 체험프로그램 통합정보사이트를 구축하여, 쉽고 편하게 어린이와 학부모가 재미있고 안전한 놀이프로그램 및 시설 이용"
"우리아이들안전을위한학교앞차량통행제한","○ 학교 앞 어린이보호구역의 ‘등 하교시간 차량통행제한’ 확대 실시로안전한 등하교 교통환경 조성"
"시민 큐레이터에 도전해 보세요","○ 시민이 직접 전시를 기획하여 문화창조자로서 발돋움하고, 미술전시의 대중화 모색
○ 일반 시민에게 전문적인 큐레이터 양성교육을 제공하여 공공미술관으로서 사회 교육적 역할 수행
○ 일반시민이 예술을 통해 사회와 소통할 수 있는 장 마련"
"노인상대 사기범죄! ‘실버 보안관’이 지킨다","○ 노인상대 ‘떴다방’ 사기범죄 제로"
"서울 시니어 올림픽","○ 꽃할배 서울시니어 올림픽 매년 개최"
"문화가 함께하는 우리 마을 소극장으로 놀러오세요","○ 주민센터, 도서관 등 공공시설을 활용한 영화 상영 지원으로 영화를 통한가족 간?세대 간 소통 및 시민 문화생활 향유 기회 확대"
"과학관(움직이는 실험학교)을 배달해 드려요","○ 소외계층 청소년을 대상으로 주변에서 쉽게 과학분야를 체험·학습할 수있도록 프로그램을 제공하여 청소년의 사고력과 창의력 향상 도모"
"테마가 있어 즐거운, ‘펀펀(fun fun) 지하철’","○ 지하철 객차 내 소규모 공연, 작품전시 등 시민들의 자발적인 참여에 의한 문화행사로 시민들이 즐길 수 있는 펀펀지하철 운영"
"부모와 자녀가 함께 만드는 ‘패밀리셰프’","○ 부모와 자녀가 함께 요리하며 소통하는, 부모 역할 정립 및 자녀 인성함양의 ’패밀리셰프’ 프로그램을 자치구 건강가정지원센터에서 운영
○ 가족관계 인식변화 사전
-사후 조사 보고"
"원격 ‘스마트 제설’로 눈길사고 방지해요!","○ ’노즐형 액상살포장치’ 설치 확대
○ 스마트폰 및 PC 전용 프로그램 활용 원격 제설"
"다세대주택 범죄자! ‘특수 형광물질’이 다 잡아냅니다","○ 디자인을 통해 환경을 개선함으로써 범죄자의 심리를 위축시켜 범죄를 사전에 차단하는 범죄예방디자인 적용
○ 시민의 삶의 질 향상, 범죄로 인한 사회적 비용 절감 및 예방행정의 새로운 패러다임 제시"
"‘방범우수 건물’ 서울시가 인증해 주었어요!","○ 범죄로부터 안전한 평온한 건축물 환경을 조성하여 절도 등 침입범죄 사전 예방"
"전통시장이 안개비로 시원해집니다.","○ 전통시장 분무냉방 장치 설치"
"전통시장 방송홍보, 서울시가 지원합니다","○ 전통시장 활성화를 위한 다각적 홍보채널 구축"
"외국인 친화형 메뉴판과 라벨","○ 대학생·시민의 디자인 재능기부를 활용, 외국인 방문이 빈번한 음식점을 위해 외국인이 이해하기 쉬운 외국어 표기 메뉴판 제작·배포"
"‘천년의 도시, 100개의 얼굴’ 공모전","○ 도시의 얼굴이 되는 아름다운 건축물 발굴 및 관리를 통해 관광자원화"
"모바일 안전지킴이","○ 재난상황별 대응매뉴얼을 시민이 필요한 순간에 실시간 제공"
"모래놀이터","○ 테마놀이터 조성 시 시범교체 후 창의놀의터 조성 및 혁신놀이터 조성등 신규조성 시, 모래교체사업 포함하여 추진"
"시민청 확대(市 자체 시민청 추가 건립)","○ 희망서울의 대표시민소통 창구이자 신개념 복합 문화공간으로서의 시민청에 대한 근거리 서비스 수요를 충족하는 동시에, 소통시정의물리적 거점 확충"
"식품에 대한 방사능검사 실시","○ 유통식품에 대한 방사능 오염 안전성 모니터링 및 학교 급식재료에 대한식품오염 방사능 검사체계를 구축하여 식재료에 대한 안전성 신뢰 회복
○ 식품오염방사능 검사 강화
- 식품오염 방사능 검사확대 : ’13년 연 500건 → ’15년 이후 연 1,000건
- 농수산물 및 가공식품 등 1주 10건 검사 → 1주 20건 이상
- 정밀검사기기 추가확보(1대) 운영 : ’14.10월 (총 2대 운영)
○ 시민 식품오염 방사능 검사신청제 활성화 추진
- 시민이 방사능 오염 의심 식품에 대하여 검사신청
- 검사결과 공개하여 정확한 정보제공 및 시민소통 강화
○ 어린이집 및 학교 등 급식재료 방사능 정밀검사 추진
- 친환경유통센터 연계 학교 급식 식재료 검사확대 (1주 5건 → 1주 10건)
- ‘시민 식품오염 방사능 검사 신청제’ 적극 안내 홍보 (교육청, 어린이집)"
"전통(재래)시장 투어버스","○ 전통시장 버스정류소 접근성 향상 및 관련 노선 안내 강화"
"사고위치 번호판 운영","○ 터널내 화재 및 차량사고 등 재난 발생시 신속한 신고로 조기에 대응할 수 있도록 터널내 위치 번호판 설치"
"길거리 재활용 전문미화원","○ 폐지수집 어르신을 주택가 재활용정거장을 관리하는 자원관리사로 선정,안정적이고 지속적인 일자리 마련 제공"
"자전거 공기주입기 설치","○ 자전거 바퀴 공기주입기를 자전거 이용이 많은 지역 곳곳에 설치하여 자전거 이용 시민의 편의성 제고"
"서울시 의안포털 구축","○ 서울시 자치구의 의안과 회의록을 통합하여 검색할 수 있는 서울시의안포털을 구축하여 대시민 검색 편리성 제공"
"아르바이트 청년을 위한 전담 노무사 도입","○ 아르바이트 청년의 노동권리 침해 예방·구제를 위한 전문인력 확대
○ 아르바이트 청년 권리보호센터를 통한 권리구제 활성화 및 캠페인·사업자 교육을 통한 의식개선"
"책의 도시 서울 만들기","○ 민관협력 강화로 시민참여형 도서관 발전과 독서문화진흥 추진
○ 작은도서관과 지역서점 지원을 통한 지역정보격차 해소
○ 도서정가제에 시행에 따른 서울시 공공도서관 지속적인 장서확충 유지
○ 도서관 운영비 확대 지원하여 정보자료서비스 수준 제고와 독서문화환경 조성으로 책 읽는 서울 구현"
"딱 맞춤 분리수거 쓰레기통 설치","○ 분리수거 가능한 휴지통 확대 보급 및 1회용 컵 전용 수거용기 설치를통한 청결한 거리환경 조성 및 자원 재활용 확대"
